lemma,count,source_column,lemma_original,lemma_normalized,lemma_lemmatized,lemma_lookup_used,lemma_translated,translated_flag,translation_source
es,8013166,lemma,es,es,es,es,[UNTRANSLATED] es,FALSE,untranslated
está,2627414,lemma,está,está,está,está,[UNTRANSLATED] está,FALSE,untranslated
ha,1452267,lemma,ha,ha,ha,ha,[UNTRANSLATED] ha,FALSE,untranslated
estoy,1122710,lemma,estoy,estoy,estoy,estoy,[UNTRANSLATED] estoy,FALSE,untranslated
vamos,1072351,lemma,vamos,vamos,vamos,vamos,[UNTRANSLATED] vamos,FALSE,untranslated
fue,1005240,lemma,fue,fue,fue,fue,[UNTRANSLATED] fue,FALSE,untranslated
tengo,986784,lemma,tengo,tengo,tengo,tengo,[UNTRANSLATED] tengo,FALSE,untranslated
tiene,954339,lemma,tiene,tiene,tiene,tiene,[UNTRANSLATED] tiene,FALSE,untranslated
sé,946793,lemma,sé,sé,sé,sé,[UNTRANSLATED] sé,FALSE,untranslated
estás,929301,lemma,estás,estás,estás,estás,[UNTRANSLATED] estás,FALSE,untranslated
he,879341,lemma,he,he,he,he,[UNTRANSLATED] he,FALSE,untranslated
puedo,825278,lemma,puedo,puedo,puedo,puedo,[UNTRANSLATED] puedo,FALSE,untranslated
quiero,822885,lemma,quiero,quiero,quiero,quiero,[UNTRANSLATED] quiero,FALSE,untranslated
puede,792545,lemma,puede,puede,puede,puede,[UNTRANSLATED] puede,FALSE,untranslated
soy,772069,lemma,soy,soy,soy,soy,[UNTRANSLATED] soy,FALSE,untranslated
estaba,730266,lemma,estaba,estaba,estaba,estaba,[UNTRANSLATED] estaba,FALSE,untranslated
creo,683937,lemma,creo,creo,creo,creo,[UNTRANSLATED] creo,FALSE,untranslated
tienes,682238,lemma,tienes,tienes,tienes,tienes,[UNTRANSLATED] tienes,FALSE,untranslated
esa,668819,lemma,esa,esa,esa,esa,[UNTRANSLATED] esa,FALSE,untranslated
voy,662485,lemma,voy,voy,voy,voy,[UNTRANSLATED] voy,FALSE,untranslated
sabes,647130,lemma,sabes,sabes,sabes,sabes,[UNTRANSLATED] sabes,FALSE,untranslated
eres,641438,lemma,eres,eres,eres,eres,[UNTRANSLATED] eres,FALSE,untranslated
hace,609859,lemma,hace,hace,hace,hace,[UNTRANSLATED] hace,FALSE,untranslated
va,604495,lemma,va,va,va,va,[UNTRANSLATED] va,FALSE,untranslated
están,551731,lemma,están,están,están,están,[UNTRANSLATED] están,FALSE,untranslated
quieres,524005,lemma,quieres,quieres,quieres,quieres,[UNTRANSLATED] quieres,FALSE,untranslated
siento,521986,lemma,siento,siento,siento,siento,[UNTRANSLATED] siento,FALSE,untranslated
había,512587,lemma,había,había,había,había,[UNTRANSLATED] había,FALSE,untranslated
has,507560,lemma,has,has,has,has,[UNTRANSLATED] has,FALSE,untranslated
tenemos,498611,lemma,tenemos,tenemos,tenemos,tenemos,[UNTRANSLATED] tenemos,FALSE,untranslated
otra,482966,lemma,otra,otra,otra,otra,[UNTRANSLATED] otra,FALSE,untranslated
han,478219,lemma,han,han,han,han,[UNTRANSLATED] han,FALSE,untranslated
puedes,470464,lemma,puedes,puedes,puedes,puedes,[UNTRANSLATED] puedes,FALSE,untranslated
dijo,451371,lemma,dijo,dijo,dijo,dijo,[UNTRANSLATED] dijo,FALSE,untranslated
sea,421711,lemma,sea,sea,sea,sea,[UNTRANSLATED] sea,FALSE,untranslated
parece,410169,lemma,parece,parece,parece,parece,[UNTRANSLATED] parece,FALSE,untranslated
estamos,402058,lemma,estamos,estamos,estamos,estamos,[UNTRANSLATED] estamos,FALSE,untranslated
sido,376857,lemma,sido,sido,sido,sido,[UNTRANSLATED] sido,FALSE,untranslated
podría,369129,lemma,podría,podría,podría,podría,[UNTRANSLATED] podría,FALSE,untranslated
mira,366113,lemma,mira,mira,mira,mira,[UNTRANSLATED] mira,FALSE,untranslated
quiere,365883,lemma,quiere,quiere,quiere,quiere,[UNTRANSLATED] quiere,FALSE,untranslated
vas,336124,lemma,vas,vas,vas,vas,[UNTRANSLATED] vas,FALSE,untranslated
sabe,305253,lemma,sabe,sabe,sabe,sabe,[UNTRANSLATED] sabe,FALSE,untranslated
todas,302663,lemma,todas,todas,todas,todas,[UNTRANSLATED] todas,FALSE,untranslated
dice,297048,lemma,dice,dice,dice,dice,[UNTRANSLATED] dice,FALSE,untranslated
podemos,294383,lemma,podemos,podemos,podemos,podemos,[UNTRANSLATED] podemos,FALSE,untranslated
debe,292452,lemma,debe,debe,debe,debe,[UNTRANSLATED] debe,FALSE,untranslated
será,287967,lemma,será,será,será,será,[UNTRANSLATED] será,FALSE,untranslated
toda,283994,lemma,toda,toda,toda,toda,[UNTRANSLATED] toda,FALSE,untranslated
nuestra,273824,lemma,nuestra,nuestra,nuestra,nuestra,[UNTRANSLATED] nuestra,FALSE,untranslated
buena,272089,lemma,buena,buena,buena,buena,[UNTRANSLATED] buena,FALSE,untranslated
tienen,264360,lemma,tienen,tienen,tienen,tienen,[UNTRANSLATED] tienen,FALSE,untranslated
veces,262197,lemma,veces,veces,veces,veces,[UNTRANSLATED] veces,FALSE,untranslated
quería,249429,lemma,quería,quería,quería,quería,[UNTRANSLATED] quería,FALSE,untranslated
dije,249282,lemma,dije,dije,dije,dije,[UNTRANSLATED] dije,FALSE,untranslated
gusta,246115,lemma,gusta,gusta,gusta,gusta,[UNTRANSLATED] gusta,FALSE,untranslated
hizo,245925,lemma,hizo,hizo,hizo,hizo,[UNTRANSLATED] hizo,FALSE,untranslated
necesito,240791,lemma,necesito,necesito,necesito,necesito,[UNTRANSLATED] necesito,FALSE,untranslated
oye,239741,lemma,oye,oye,oye,oye,[UNTRANSLATED] oye,FALSE,untranslated
alguna,238669,lemma,alguna,alguna,alguna,alguna,[UNTRANSLATED] alguna,FALSE,untranslated
hemos,236016,lemma,hemos,hemos,hemos,hemos,[UNTRANSLATED] hemos,FALSE,untranslated
visto,234626,lemma,visto,visto,visto,visto,[UNTRANSLATED] visto,FALSE,untranslated
crees,229737,lemma,crees,crees,crees,crees,[UNTRANSLATED] crees,FALSE,untranslated
primera,228538,lemma,primera,primera,primera,primera,[UNTRANSLATED] primera,FALSE,untranslated
dicho,225969,lemma,dicho,dicho,dicho,dicho,[UNTRANSLATED] dicho,FALSE,untranslated
hacerlo,225440,lemma,hacerlo,hacerlo,hacerlo,hacerlo,[UNTRANSLATED] hacerlo,FALSE,untranslated
pueden,212072,lemma,pueden,pueden,pueden,pueden,[UNTRANSLATED] pueden,FALSE,untranslated
importa,211642,lemma,importa,importa,importa,importa,[UNTRANSLATED] importa,FALSE,untranslated
ven,203236,lemma,ven,ven,ven,ven,[UNTRANSLATED] ven,FALSE,untranslated
algún,199354,lemma,algún,algún,algún,algún,[UNTRANSLATED] algún,FALSE,untranslated
ve,198486,lemma,ve,ve,ve,ve,[UNTRANSLATED] ve,FALSE,untranslated
nueva,197917,lemma,nueva,nueva,nueva,nueva,[UNTRANSLATED] nueva,FALSE,untranslated
eh,196607,lemma,eh,eh,eh,eh,[UNTRANSLATED] eh,FALSE,untranslated
sería,188040,lemma,sería,sería,sería,sería,[UNTRANSLATED] sería,FALSE,untranslated
debería,186785,lemma,debería,debería,debería,debería,[UNTRANSLATED] debería,FALSE,untranslated
van,186422,lemma,van,van,van,van,[UNTRANSLATED] van,FALSE,untranslated
muchas,183573,lemma,muchas,muchas,muchas,muchas,[UNTRANSLATED] muchas,FALSE,untranslated
sabía,175312,lemma,sabía,sabía,sabía,sabía,[UNTRANSLATED] sabía,FALSE,untranslated
esas,174267,lemma,esas,esas,esas,esas,[UNTRANSLATED] esas,FALSE,untranslated
vaya,172489,lemma,vaya,vaya,vaya,vaya,[UNTRANSLATED] vaya,FALSE,untranslated
misma,171495,lemma,misma,misma,misma,misma,[UNTRANSLATED] misma,FALSE,untranslated
veo,171364,lemma,veo,veo,veo,veo,[UNTRANSLATED] veo,FALSE,untranslated
haces,170177,lemma,haces,haces,haces,haces,[UNTRANSLATED] haces,FALSE,untranslated
iba,169636,lemma,iba,iba,iba,iba,[UNTRANSLATED] iba,FALSE,untranslated
digo,166604,lemma,digo,digo,digo,digo,[UNTRANSLATED] digo,FALSE,untranslated
somos,164983,lemma,somos,somos,somos,somos,[UNTRANSLATED] somos,FALSE,untranslated
pensé,164934,lemma,pensé,pensé,pensé,pensé,[UNTRANSLATED] pensé,FALSE,untranslated
buenas,161279,lemma,buenas,buenas,buenas,buenas,[UNTRANSLATED] buenas,FALSE,untranslated
da,159390,lemma,da,da,da,da,[UNTRANSLATED] da,FALSE,untranslated
señora,157598,lemma,señora,señora,señora,señora,[UNTRANSLATED] señora,FALSE,untranslated
debo,154548,lemma,debo,debo,debo,debo,[UNTRANSLATED] debo,FALSE,untranslated
hice,150151,lemma,hice,hice,hice,hice,[UNTRANSLATED] hice,FALSE,untranslated
genial,146594,lemma,genial,genial,genial,genial,[UNTRANSLATED] genial,FALSE,untranslated
fueron,146401,lemma,fueron,fueron,fueron,fueron,[UNTRANSLATED] fueron,FALSE,untranslated
significa,144035,lemma,significa,significa,significa,significa,[UNTRANSLATED] significa,FALSE,untranslated
otras,143352,lemma,otras,otras,otras,otras,[UNTRANSLATED] otras,FALSE,untranslated
hija,140247,lemma,hija,hija,hija,hija,[UNTRANSLATED] hija,FALSE,untranslated
ninguna,140049,lemma,ninguna,ninguna,ninguna,ninguna,[UNTRANSLATED] ninguna,FALSE,untranslated
supongo,138657,lemma,supongo,supongo,supongo,supongo,[UNTRANSLATED] supongo,FALSE,untranslated
algunas,138298,lemma,algunas,algunas,algunas,algunas,[UNTRANSLATED] algunas,FALSE,untranslated
